{"stats":{"minecraft:mined":{"minecraft:sand":1},"minecraft:custom":{"minecraft:jump":87,"minecraft:time_since_rest":9639,"minecraft:damage_dealt":79,"minecraft:walk_on_water_one_cm":85,"minecraft:play_time":9639,"minecraft:leave_game":2,"minecraft:sprint_one_cm":7231,"minecraft:damage_taken":120,"minecraft:time_since_death":9639,"minecraft:walk_one_cm":34155,"minecraft:total_world_time":9639,"minecraft:fall_one_cm":956,"minecraft:fly_one_cm":6276},"minecraft:picked_up":{"minecraft:sand":1,"minecraft:bread":2,"minecraft:oak_planks":25},"minecraft:used":{"minecraft:bread":2}},"DataVersion":3953}