{"stats":{"minecraft:mined":{"minecraft:white_bed":5,"minecraft:dark_oak_slab":1,"minecraft:furnace":2,"minecraft:grass_block":1,"minecraft:crafting_table":3,"minecraft:short_grass":6,"minecraft:oak_log":25,"minecraft:tall_grass":2,"minecraft:stone":32,"minecraft:oak_leaves":2},"minecraft:custom":{"minecraft:time_since_rest":49,"minecraft:interact_with_furnace":7,"minecraft:sprint_one_cm":61324,"minecraft:damage_taken":482,"minecraft:walk_one_cm":41757,"minecraft:mob_kills":11,"minecraft:drop":12,"minecraft:damage_dealt":1480,"minecraft:swim_one_cm":3349,"minecraft:interact_with_crafting_table":10,"minecraft:fly_one_cm":132081,"minecraft:open_chest":3,"minecraft:crouch_one_cm":555,"minecraft:play_time":39669,"minecraft:sneak_time":735,"minecraft:walk_under_water_one_cm":1048,"minecraft:jump":670,"minecraft:leave_game":3,"minecraft:walk_on_water_one_cm":10833,"minecraft:time_since_death":39669,"minecraft:sleep_in_bed":3,"minecraft:total_world_time":39669,"minecraft:fall_one_cm":18542},"minecraft:crafted":{"minecraft:oak_planks":100,"minecraft:stone_shovel":1,"minecraft:iron_chestplate":1,"minecraft:crafting_table":1,"minecraft:stick":32,"minecraft:wooden_pickaxe":1,"minecraft:iron_ingot":2,"minecraft:iron_pickaxe":1,"minecraft:stone_pickaxe":1,"minecraft:stone_sword":1,"minecraft:iron_sword":1,"minecraft:iron_shovel":1,"minecraft:iron_leggings":1,"minecraft:furnace":2,"minecraft:white_bed":2,"minecraft:stone_axe":1,"minecraft:bread":15,"minecraft:air":0,"minecraft:cooked_mutton":6},"minecraft:picked_up":{"minecraft:iron_chestplate":1,"minecraft:crafting_table":3,"minecraft:dark_oak_slab":1,"minecraft:wooden_pickaxe":2,"minecraft:oak_log":25,"minecraft:white_bed":5,"minecraft:dirt":1,"minecraft:iron_leggings":1,"minecraft:wheat_seeds":2,"minecraft:bread":2,"minecraft:mutton":10,"minecraft:oak_planks":40,"minecraft:white_wool":6,"minecraft:cobblestone":32,"minecraft:furnace":2},"minecraft:used":{"minecraft:cooked_mutton":2,"minecraft:bread":10,"minecraft:stone_pickaxe":31,"minecraft:wooden_pickaxe":3,"minecraft:iron_chestplate":1,"minecraft:dark_oak_slab":1,"minecraft:iron_sword":21,"minecraft:stone_axe":25,"minecraft:crafting_table":3,"minecraft:furnace":2,"minecraft:white_bed":7,"minecraft:iron_leggings":1},"minecraft:dropped":{"minecraft:bread":4,"minecraft:stone_sword":1,"minecraft:iron_chestplate":1,"minecraft:oak_planks":25,"minecraft:stone_shovel":1,"minecraft:iron_leggings":1,"minecraft:wooden_pickaxe":2,"minecraft:stone_pickaxe":1},"minecraft:killed":{"minecraft:sheep":6,"minecraft:armadillo":1,"minecraft:zombie":3,"minecraft:spider":1}},"DataVersion":3953}